ArticleId,Category
1018,entertainment
1319,entertainment
1138,entertainment
459,sport
1020,entertainment
51,tech
2025,politics
1479,sport
27,entertainment
397,sport
1644,tech
263,sport
765,entertainment
2134,entertainment
297,politics
1712,politics
1631,sport
942,politics
1549,politics
516,sport
2215,politics
531,sport
1541,politics
1340,politics
56,sport
2138,entertainment
338,sport
133,politics
215,tech
521,entertainment
1777,sport
185,sport
2105,entertainment
1556,tech
659,politics
1837,sport
59,politics
383,politics
1581,politics
2167,sport
1593,entertainment
1849,politics
1691,politics
2033,sport
2092,sport
849,sport
1780,entertainment
1747,sport
1509,sport
1305,entertainment
2055,sport
2139,politics
57,tech
1496,politics
671,tech
1193,sport
2104,entertainment
872,entertainment
606,tech
1502,politics
244,sport
381,entertainment
1944,sport
725,sport
369,entertainment
211,politics
1861,tech
1044,tech
976,entertainment
1673,sport
442,politics
144,sport
1954,politics
48,entertainment
608,politics
2165,entertainment
913,politics
1580,entertainment
1061,sport
529,entertainment
2137,sport
1284,entertainment
2040,tech
349,tech
1385,politics
1307,politics
807,tech
333,sport
786,politics
1775,tech
558,tech
592,sport
2172,tech
1735,entertainment
1188,tech
511,entertainment
157,entertainment
646,entertainment
8,entertainment
821,politics
1001,entertainment
309,tech
1732,sport
1291,sport
2136,sport
999,tech
1258,sport
721,entertainment
1922,entertainment
954,entertainment
847,entertainment
846,sport
313,politics
1997,entertainment
322,entertainment
1221,entertainment
129,tech
981,entertainment
330,tech
1172,politics
2123,sport
1165,politics
1592,politics
2094,tech
841,sport
1224,sport
72,sport
1176,politics
1285,tech
1671,entertainment
67,politics
952,entertainment
884,sport
2011,politics
1979,sport
519,sport
1132,tech
1782,entertainment
112,politics
1996,sport
683,sport
1447,entertainment
472,entertainment
562,politics
1476,sport
1339,tech
1972,entertainment
875,entertainment
1067,politics
1442,sport
708,politics
515,politics
118,tech
1513,tech
1227,sport
1196,entertainment
635,entertainment
1669,business
1823,sport
483,sport
1477,tech
509,sport
667,sport
127,politics
1316,entertainment
1983,tech
598,sport
1654,politics
1232,tech
703,politics
2051,entertainment
451,sport
1924,politics
852,sport
1889,entertainment
1695,entertainment
417,sport
2125,tech
2087,entertainment
1274,politics
579,politics
398,sport
1898,politics
87,entertainment
2024,entertainment
1927,politics
1019,entertainment
1892,sport
357,tech
1161,sport
52,sport
1798,sport
2028,politics
58,tech
258,politics
638,sport
541,tech
2190,politics
1936,politics
1293,politics
2181,politics
1329,sport
146,politics
89,entertainment
1627,sport
1123,entertainment
1233,tech
580,politics
591,business
1933,entertainment
911,entertainment
971,politics
1154,sport
1622,sport
539,tech
1131,tech
1839,politics
545,tech
1910,tech
799,politics
1016,sport
1460,sport
1286,politics
296,sport
1345,sport
1568,politics
502,politics
1530,entertainment
81,sport
2162,sport
1519,tech
1634,entertainment
1586,politics
469,entertainment
382,sport
353,entertainment
1666,sport
1457,politics
2182,politics
1591,politics
1643,politics
1822,politics
742,sport
1956,politics
1829,sport
1675,entertainment
376,tech
1626,politics
168,entertainment
321,entertainment
715,entertainment
1278,sport
653,politics
1206,politics
411,entertainment
931,sport
1576,entertainment
1207,sport
1729,entertainment
851,sport
994,sport
223,entertainment
763,tech
977,politics
1094,sport
582,sport
1845,entertainment
965,sport
1461,sport
945,sport
746,sport
1768,business
1242,sport
259,politics
866,politics
1288,tech
915,politics
337,sport
1842,entertainment
975,sport
1890,entertainment
1694,sport
367,sport
1270,politics
1679,politics
717,politics
838,tech
1857,tech
798,politics
1915,politics
1051,sport
99,entertainment
810,sport
1662,politics
1521,tech
1693,sport
347,entertainment
60,tech
1958,sport
723,sport
402,entertainment
662,sport
3,entertainment
84,politics
1551,sport
1684,entertainment
806,politics
1721,tech
446,sport
326,business
2211,tech
2037,entertainment
1158,sport
498,entertainment
2122,sport
1905,politics
564,sport
939,politics
1,politics
567,politics
1219,entertainment
1720,entertainment
1015,tech
1459,sport
633,politics
1384,sport
242,entertainment
1334,tech
1456,entertainment
1298,politics
1567,sport
205,politics
385,entertainment
795,sport
1083,sport
1953,politics
1987,tech
1748,entertainment
1869,tech
34,sport
604,sport
142,sport
1832,sport
1865,sport
862,politics
1191,entertainment
22,sport
1883,sport
737,sport
1262,tech
1601,politics
1404,tech
1296,tech
2163,sport
1168,tech
438,entertainment
1888,entertainment
694,entertainment
1663,politics
861,sport
704,entertainment
1010,entertainment
2039,entertainment
854,politics
1562,politics
1422,tech
874,tech
1272,politics
1405,entertainment
2049,sport
620,politics
2022,sport
925,sport
1573,entertainment
1187,entertainment
1471,tech
504,sport
576,politics
222,entertainment
95,sport
332,politics
1895,entertainment
2106,tech
1181,sport
776,entertainment
9,politics
808,sport
1002,politics
784,entertainment
845,politics
1416,sport
1762,tech
525,tech
596,entertainment
1800,politics
1341,politics
113,tech
134,sport
270,entertainment
1324,entertainment
12,tech
782,tech
1357,entertainment
1608,sport
1134,tech
276,sport
41,politics
1705,politics
732,sport
968,sport
1006,entertainment
1140,tech
966,entertainment
1399,sport
586,politics
868,sport
1698,sport
452,sport
600,sport
354,entertainment
1281,sport
914,sport
1430,entertainment
554,entertainment
1659,entertainment
1727,entertainment
640,sport
691,sport
1531,sport
1389,sport
1545,sport
462,sport
2101,politics
1907,sport
1373,tech
1787,sport
2202,entertainment
961,politics
680,sport
1059,politics
626,sport
1961,sport
1048,entertainment
336,sport
719,politics
1563,politics
963,politics
179,sport
1438,sport
1189,entertainment
2126,entertainment
895,sport
2005,sport
819,politics
23,sport
457,sport
1423,entertainment
100,tech
1448,sport
97,sport
172,tech
1918,politics
938,politics
752,tech
2222,tech
2038,entertainment
24,politics
1325,politics
409,entertainment
624,sport
1367,sport
621,tech
1302,entertainment
505,entertainment
2057,entertainment
265,entertainment
262,politics
2176,entertainment
1304,entertainment
1539,tech
700,tech
2124,entertainment
2203,sport
781,tech
1558,entertainment
1419,sport
1311,entertainment
124,entertainment
664,politics
282,sport
1700,sport
1107,politics
922,entertainment
652,sport
713,business
1068,sport
1116,tech
869,sport
1703,sport
1668,sport
501,entertainment
2053,entertainment
908,entertainment
1306,business
348,politics
149,tech
1173,tech
6,tech
1180,sport
107,sport
1629,tech
131,sport
1046,sport
698,entertainment
751,tech
1501,politics
73,politics
1463,politics
1856,politics
1074,tech
2225,sport
1313,entertainment
933,entertainment
1136,tech
779,politics
1315,sport
1628,sport
432,politics
546,entertainment
1779,business
1514,sport
1365,entertainment
1776,politics
109,sport
235,politics
162,politics
2071,entertainment
412,sport
1092,tech
1352,entertainment
294,sport
1973,tech
493,tech
45,tech
2189,politics
1417,entertainment
2140,politics
1265,sport
1353,tech
830,sport
448,sport
535,entertainment
1656,sport
996,entertainment
1246,sport
161,entertainment
1267,tech
138,entertainment
1575,tech
1810,entertainment
2065,sport
768,sport
1507,entertainment
1520,tech
71,entertainment
1484,sport
163,entertainment
1171,entertainment
769,sport
77,tech
1252,entertainment
532,entertainment
1975,entertainment
178,tech
1237,sport
1899,politics
676,sport
2008,politics
1807,sport
481,politics
17,entertainment
837,sport
523,sport
2099,politics
1957,politics
1470,entertainment
1151,tech
489,sport
823,sport
1743,sport
1035,entertainment
2103,politics
1230,entertainment
1636,entertainment
103,entertainment
927,entertainment
379,entertainment
1789,sport
278,sport
887,politics
1300,politics
394,tech
625,sport
1770,sport
1959,entertainment
1371,entertainment
1359,entertainment
921,tech
404,sport
422,sport
503,entertainment
1773,entertainment
2174,tech
1086,sport
1986,sport
2007,entertainment
13,sport
796,sport
585,sport
1200,politics
642,tech
237,politics
1826,entertainment
43,sport
1594,sport
594,entertainment
1084,tech
1859,entertainment
524,sport
463,business
1085,entertainment
668,sport
2132,sport
1970,entertainment
260,politics
141,politics
468,business
269,business
414,sport
2097,tech
1420,sport
1472,entertainment
1757,sport
243,tech
1142,tech
1295,entertainment
1660,entertainment
1635,sport
2200,politics
2146,politics
5,entertainment
1256,sport
2090,tech
1816,tech
1991,entertainment
1310,sport
1162,politics
499,politics
285,tech
1216,sport
745,politics
421,politics
2068,entertainment
1145,tech
681,sport
556,sport
1063,sport
55,sport
910,politics
2066,politics
1025,sport
2154,tech
64,entertainment
2218,politics
2013,tech
1105,tech
669,politics
827,entertainment
1335,sport
1426,tech
2196,entertainment
368,sport
1535,sport
1672,entertainment
599,entertainment
2085,tech
1577,sport
724,tech
568,sport
2018,politics
1543,politics
308,entertainment
1356,entertainment
573,sport
1746,politics
1290,sport
272,business
139,sport
2191,tech
1255,sport
1699,entertainment
1616,sport
1619,sport
1032,entertainment
287,politics
2194,entertainment
928,entertainment
584,entertainment
1722,politics
1685,politics
1828,tech
692,entertainment
1393,politics
540,tech
1317,politics
152,sport
650,entertainment
191,sport
1719,sport
1564,tech
350,sport
116,sport
1000,politics
36,entertainment
1225,politics
2155,politics
553,sport
551,sport
1724,entertainment
1512,entertainment
1923,entertainment
373,tech
1704,politics
206,business
471,tech
